contentID,contentURL,content,ups,downs,interactions_bal,cmts,authorID,authorName,authorContentCount,authorUpCount,money,createdTime,importTime,createdYearMonthDay,content_mod,KEYWORDS_TF_IDF
1550444501,https://bihu.com/shortcontent/1550444501,"碳币，C  是什么？
留下你的观点！",0,0,0,0,1566695627,黄生,4,1134,0.0,2021-10-12 18:38:25.000000,2021-10-12 18:38:43.373271,20211012,"碳币 ， C     是 什么 ？ 
 留下 你 的 观点 ！",碳币/观点/留下/什么
1377077939,https://bihu.com/shortcontent/1377077939,这行情，有病啊,1,0,1,0,118597,Athrun114,536,66126,0.02,2021-10-12 18:38:20.000000,2021-10-12 18:38:43.373271,20211012,这 行情 ， 有病 啊,有病/行情
1704862886,https://bihu.com/shortcontent/1704862886,我喜欢一些分析大形势的论文或者科普的论文,7,0,7,0,1272693879,我爱BTM,130,26444,0.16,2021-10-12 18:35:55.000000,2021-10-12 18:38:43.373271,20211012,我 喜欢 一些 分析 大 形势 的 论文 或者 科普 的 论文,论文/科普/形势/喜欢/或者/分析/一些
1592769132,https://bihu.com/shortcontent/1592769132,"不要幻想每一笔交易都圆圆满满，盈亏需要平衡，得失也需要感受。、
ETH（以太坊）                     
多空 ：多
起点 ：3410-3420附近                                               
终点 ：3450-3480附近                               
休息 ：（补仓）自行                                                  
放弃 ：（防守）3380下方
路线策略仅供参考 具体以实时指导为准",8,0,8,0,1525922156,区块链夏阳,27,43181,0.0,2021-10-12 18:35:50.000000,2021-10-12 18:38:43.373271,20211012,"不要 幻想 每 一笔 交易 都 圆圆满满 ， 盈亏 需要 平衡 ， 得失 也 需要 感受 。 、 
 ETH （ 以太 坊 ）                                           
 多空   ： 多 
 起点   ： 3410 - 3420 附近                                                                                               
 终点   ： 3450 - 3480 附近                                                               
 休息   ： （ 补仓 ） 自行                                                                                                     
 放弃   ： （ 防守 ） 3380 下方 
 路线 策略 仅供参考   具体 以 实时 指导 为准",圆圆满满/ETH/多空/3410/3420/3450/3480/3380/补仓/附近/以太/盈亏/仅供参考/需要/得失/终点/实时/为准/防守/幻想
1420175730,https://bihu.com/shortcontent/1420175730,#我喜欢的长文类型# 来币乎就是为了学习区块链知识，了解币圈动态，跟随市场行情，而币乎各类作者都有，可以说是包罗万象，所以对币乎的长文尽量挤时间去学习。当然，个人喜欢的是政策解读、行情分析预判及项目介绍类型长文，不仅掌握行情动态，也能及时了解最新政策法规及行业发展。,7,0,7,0,1178044600,青山绿山水,85,168929,0.16,2021-10-12 18:35:18.000000,2021-10-12 18:38:43.373271,20211012,# 我 喜欢 的 长文 类型 #   来币乎 就是 为了 学习 区块 链 知识 ， 了解 币圈 动态 ， 跟随 市场行情 ， 而币乎 各类 作者 都 有 ， 可以 说 是 包罗万象 ， 所以 对币乎 的 长文 尽量 挤时间 去 学习 。 当然 ， 个人 喜欢 的 是 政策 解读 、 行情 分析 预判 及 项目 介绍 类型 长文 ， 不仅 掌握 行情 动态 ， 也 能 及时 了解 最新 政策法规 及 行业 发展 。,长文/动态/挤时间/来币乎/币圈/而币乎/对币乎/预判/学习/区块/类型/喜欢/包罗万象/行情/了解/政策法规/市场行情/解读/跟随/尽量
1634290092,https://bihu.com/shortcontent/1634290092,签到,8,0,8,0,1846210872,币友_1846210872,54,12666,0.23,2021-10-12 18:35:12.000000,2021-10-12 18:38:43.373271,20211012,签到,签到
1237791093,https://bihu.com/shortcontent/1237791093,"从珍珠线交易系统来看，以太坊的日线级别箭头是开口向上的，我们可以在它回调的时候看多，可以试着在支撑位位布局一个多单。希望可以帮到更多的朋友，到位就干！耐心会让您更顺心，市场早晚会奖励您的！
方向：多
回踩：3431～3435进场
止损：3386
止盈：第一目标3472，第二目标3541，第三目标3599，第四目标3659
杠杆：最多20倍杠杆（逐仓）
备注：行情变化莫测，不抗单，不重仓，单单必须带止损.
大庆老师个人观点，策略仅供参考#行情分析# #以太坊#",28,0,28,0,1171200865,聚宝盆8133,78,25613,0.28,2021-10-12 18:31:17.000000,2021-10-12 18:38:43.373271,20211012,"从 珍珠 线 交易系统 来看 ， 以太 坊 的 日线 级别 箭头 是 开口 向上 的 ， 我们 可以 在 它 回调 的 时候 看多 ， 可以 试着 在 支撑位 位 布局 一个多 单 。 希望 可以 帮到 更 多 的 朋友 ， 到位 就 干 ！ 耐心 会 让 您 更 顺心 ， 市场 早晚 会 奖励 您 的 ！ 
 方向 ： 多 
 回 踩 ： 3431 ～ 3435 进场 
 止损 ： 3386 
 止盈 ： 第一 目标 3472 ， 第二 目标 3541 ， 第三 目标 3599 ， 第四 目标 3659 
 杠杆 ： 最多 20 倍 杠杆 （ 逐仓 ） 
 备注 ： 行情 变化莫测 ， 不 抗单 ， 不 重仓 ， 单单 必须 带 止损 . 
 大庆 老师 个人观点 ， 策略 仅供参考 # 行情 分析 #   # 以太 坊 #",目标/以太/止损/杠杆/看多/3431/3435/3386/3472/3541/3599/3659/20/逐仓/抗单/变化莫测/顺心/可以/行情/止盈
1573203929,https://bihu.com/shortcontent/1573203929,"币圈日常记录(相信时间的力量):
2021-10-12
BTC: 56900美元
key: 0.0026元
1，有时候，我经过城市中最繁华地段，穿梭于人流，看着人来人往，我就会想: 这些人都是做什么工作的？他们的家庭怎样？他们整天忙忙碌碌追求的是什么？他们中有多少知道比特币？又有多少能理解比特币的未来？-- ahr999《囤比特币》
2，比特币是钱，比特币是更好的钱，人们认识到这一点需要时间。-- xraysun
3，唯时间和比特币稀缺，比特币是一个自我实现的预言。
4，当我们不牛逼时，道理不用跟人讲，讲了也没人信。当我们足够牛逼，不讲啥也
能扭转他人错误认识。--ahr999《囤比特币》",35,0,35,0,1314330091,Key1毛钱,357,158668,1.04,2021-10-12 18:30:51.000000,2021-10-12 18:38:43.373271,20211012,"币圈 日常 记录 ( 相信 时间 的 力量 ) : 
 2021 - 10 - 12 
 BTC :   56900 美元 
 key :   0.0026 元 
 1 ， 有时候 ， 我 经过 城市 中 最 繁华 地段 ， 穿梭 于 人流 ， 看着 人来人往 ， 我 就 会 想 :   这些 人 都 是 做 什么 工作 的 ？ 他们 的 家庭 怎样 ？ 他们 整天 忙忙碌碌 追求 的 是 什么 ？ 他们 中有 多少 知道 比特 币 ？ 又 有 多少 能 理解 比特 币 的 未来 ？ --   ahr999 《 囤 比特 币 》 
 2 ， 比特 币 是 钱 ， 比特 币 是 更好 的 钱 ， 人们 认识 到 这 一点 需要 时间 。 --   xraysun 
 3 ， 唯 时间 和 比特 币 稀缺 ， 比特 币 是 一个 自我实现 的 预言 。 
 4 ， 当 我们 不牛 逼 时 ， 道理 不用 跟 人 讲 ， 讲 了 也 没人信 。 当 我们 足够 牛 逼 ， 不 讲 啥 也 
 能 扭转 他人 错误认识 。 -- ahr999 《 囤 比特 币 》",比特/--/ahr999/时间/币圈/2021/10/12/BTC/56900/key/0.0026/xraysun/不牛/没人信/错误认识/自我实现/多少/他们/人来人往
1326528537,https://bihu.com/shortcontent/1326528537,"《盗墓笔记》作者南派三叔公司申请“盗笔元宇宙”及“南派元宇宙”商标

据金融界网消息，天眼查App显示，近日，杭州量子泛娱影视文化传媒股份有限公司申请注册“盗笔元宇宙”“南派元宇宙”等多项商标，国际分类涉及教育娱乐、通讯服务、科学仪器等，目前商标状态均为申请中。

杭州量子泛娱影视文化传媒股份有限公司成立于2014年3月，法定代表人及大股东、董事长均为徐磊（南派三叔），注册资本约1.26亿人民币，经营范围包括企业管理咨询；电视剧制作；电视剧发行；广播电视节目制作经营等。",38,0,38,0,1512861475,安割,3,34294,1.2,2021-10-12 18:30:35.000000,2021-10-12 18:38:43.373271,20211012,"《 盗墓 笔记 》 作者 南派 三叔 公司 申请 “ 盗 笔元 宇宙 ” 及 “ 南派 元 宇宙 ” 商标 
 
 据 金融界 网 消息 ， 天眼 查 App 显示 ， 近日 ， 杭州 量子 泛娱 影视文化 传媒 股份 有限公司 申请 注册 “ 盗 笔元 宇宙 ” “ 南派 元 宇宙 ” 等 多项 商标 ， 国际 分类 涉及 教育 娱乐 、 通讯 服务 、 科学仪器 等 ， 目前 商标 状态 均 为 申请 中 。 
 
 杭州 量子 泛娱 影视文化 传媒 股份 有限公司 成立 于 2014 年 3 月 ， 法定代表 人及 大 股东 、 董事长 均 为 徐磊 （ 南派 三叔 ） ， 注册资本 约 1.26 亿 人民币 ， 经营范围 包括 企业 管理 咨询 ； 电视剧 制作 ； 电视剧 发行 ； 广播 电视节目 制作 经营 等 。",南派/宇宙/商标/三叔/笔元/泛娱/影视文化/申请/量子/电视剧/传媒/制作/杭州/App/2014/人及/徐磊/1.26/科学仪器/天眼
1693770448,https://bihu.com/shortcontent/1693770448,你有梦想是好事情，静静的去实现就好。不必说出来，不要被别人偷走你的梦想。,48,0,48,0,1104426975,币圈慕容,854,241794,1.46,2021-10-12 18:29:08.000000,2021-10-12 18:38:43.373271,20211012,你 有 梦想 是 好 事情 ， 静静的 去 实现 就 好 。 不必 说 出来 ， 不要 被 别人 偷走 你 的 梦想 。,梦想/偷走/静静的/不必/别人/事情/不要/实现/出来
1895893042,https://bihu.com/shortcontent/1895893042,这轮牛市 你要说一个心目中排名第一的机构 我肯定是选Multicoin Capitial 不解释 yyds 这次又给我们抄作业了 Strips Finance明天会在sushi进行IDO 荷兰拍 起拍价5刀 最低出价1刀 总量75万枚 拍完总流通约471万枚  DYOR ​​​,73,1,72,1,1651076095,币友_1651076095,38,11539,0.05,2021-10-12 18:23:51.000000,2021-10-12 18:38:43.373271,20211012,这轮 牛市   你 要说 一个 心目 中 排名 第一 的 机构   我 肯定 是 选 Multicoin   Capitial   不 解释   yyds   这次 又 给 我们 抄 作业 了   Strips   Finance 明天 会 在 sushi 进行 IDO   荷兰 拍   起拍价 5 刀   最低 出价 1 刀   总量 75 万枚   拍 完 总 流通 约 471 万枚     DYOR   ​ ​ ​,万枚/这轮/Multicoin/Capitial/yyds/Strips/Finance/sushi/IDO/75/471/DYOR/起拍价/出价/心目/牛市/作业/要说/荷兰/排名
1923447706,https://bihu.com/shortcontent/1923447706,根据经验，这几天又是大暴跌了。,75,1,74,1,1032533237,币圈科比博,130,44117,0.34,2021-10-12 18:22:33.000000,2021-10-12 18:38:43.373271,20211012,根据 经验 ， 这 几天 又 是 大 暴跌 了 。,暴跌/几天/经验/根据
1159237540,https://bihu.com/shortcontent/1159237540,dydx 套住了…….,100,4,96,0,392934,EOSV,20,3444,2.98,2021-10-12 18:11:15.000000,2021-10-12 18:38:43.373271,20211012,dydx   套住 了 … … .,dydx/套住
1331842030,https://bihu.com/shortcontent/1331842030,"《盗墓笔记》作者南派三叔公司申请“盗笔元宇宙”及“南派元宇宙”商标

据金融界网消息，天眼查App显示，近日，杭州量子泛娱影视文化传媒股份有限公司申请注册“盗笔元宇宙”“南派元宇宙”等多项商标，国际分类涉及教育娱乐、通讯服务、科学仪器等，目前商标状态均为申请中。

杭州量子泛娱影视文化传媒股份有限公司成立于2014年3月，法定代表人及大股东、董事长均为徐磊（南派三叔），注册资本约1.26亿人民币，经营范围包括企业管理咨询；电视剧制作；电视剧发行；广播电视节目制作经营等。",157,4,153,0,1652937087,币友_1652937087,6,766,2.96,2021-10-12 18:09:39.000000,2021-10-12 18:38:43.373271,20211012,"《 盗墓 笔记 》 作者 南派 三叔 公司 申请 “ 盗 笔元 宇宙 ” 及 “ 南派 元 宇宙 ” 商标 
 
 据 金融界 网 消息 ， 天眼 查 App 显示 ， 近日 ， 杭州 量子 泛娱 影视文化 传媒 股份 有限公司 申请 注册 “ 盗 笔元 宇宙 ” “ 南派 元 宇宙 ” 等 多项 商标 ， 国际 分类 涉及 教育 娱乐 、 通讯 服务 、 科学仪器 等 ， 目前 商标 状态 均 为 申请 中 。 
 
 杭州 量子 泛娱 影视文化 传媒 股份 有限公司 成立 于 2014 年 3 月 ， 法定代表 人及 大 股东 、 董事长 均 为 徐磊 （ 南派 三叔 ） ， 注册资本 约 1.26 亿 人民币 ， 经营范围 包括 企业 管理 咨询 ； 电视剧 制作 ； 电视剧 发行 ； 广播 电视节目 制作 经营 等 。",南派/宇宙/商标/三叔/笔元/泛娱/影视文化/申请/量子/电视剧/传媒/制作/杭州/App/2014/人及/徐磊/1.26/科学仪器/天眼
1632704323,https://bihu.com/shortcontent/1632704323,"10月12日RAINBOW加密分析师Martin做客XT直播间，与XT AMA专栏主持人Joyce在XT官方英文群以及中文群内进行了在线AMA活动。 在谈及发展计划时Martin表示：“我们的主要产品 ""Bifrost""有望在11月发布，它将运用RAINBOW进行折扣收费，旨在帮助启动和促进开发者们自己的加密货币项目",151,4,147,0,1873831956,崛起币风港,103,7844,2.82,2021-10-12 18:09:11.000000,2021-10-12 18:38:43.373271,20211012,"10 月 12 日 RAINBOW 加密 分析师 Martin 做客 XT 直播间 ， 与 XT   AMA 专栏 主持人 Joyce 在 XT 官方 英文 群 以及 中文 群内 进行 了 在线 AMA 活动 。   在 谈及 发展 计划 时 Martin 表示 ： “ 我们 的 主要 产品   "" Bifrost "" 有望 在 11 月 发布 ， 它 将 运用 RAINBOW 进行 折扣 收费 ， 旨在 帮助 启动 和 促进 开发者 们 自己 的 加密 货币 项目",XT/RAINBOW/Martin/AMA/加密/10/12/Joyce/群内/Bifrost/11/开发者/直播间/专栏/做客/谈及/折扣/中文/在线/英文
1202651161,https://bihu.com/shortcontent/1202651161,三叔进军元宇宙了，除了各路大资本，现在越来越嗯多的人都把眼光放在元宇宙了，红利能不能把握住呢,179,6,173,0,1732739116,团子财经,13,1978,3.38,2021-10-12 18:08:19.000000,2021-10-12 18:38:43.373271,20211012,三叔 进军 元 宇宙 了 ， 除了 各路 大 资本 ， 现在 越来越 嗯 多 的 人 都 把 眼光 放在 元 宇宙 了 ， 红利 能 不能 把握住 呢,宇宙/三叔/把握住/各路/红利/进军/眼光/放在/越来越/除了/资本/不能/现在
1842759667,https://bihu.com/shortcontent/1842759667,"这项目方真的太会玩儿了！👍 👍 👍 
JF上方不仅没有套牢盘
而且只要冲上去就减产
被迫拉盘又被迫稳稳的
项目方和资方的今天都销毁了
筹码全在用户手里了，一片蓝海啊 ​​​",159,4,155,0,1651076095,币友_1651076095,38,11539,0.29,2021-10-12 18:07:06.000000,2021-10-12 18:38:43.373271,20211012,"这 项目 方 真的 太 会 玩儿 了 ！ 👍   👍   👍   
 JF 上方 不仅 没有 套牢 盘 
 而且 只要 冲上去 就 减产 
 被迫 拉盘 又 被迫 稳稳 的 
 项目 方 和 资方 的 今天 都 销毁 了 
 筹码 全在 用户 手里 了 ， 一片 蓝海 啊   ​ ​ ​",被迫/JF/拉盘/全在/资方/蓝海/稳稳/冲上去/项目/玩儿/销毁/套牢/减产/筹码/用户/上方/手里/真的/一片/只要
1751848746,https://bihu.com/shortcontent/1751848746,目前市场呈现远期价格高于即期价格的 contango 趋势。目前未平仓量已接近9月初，且攀升速度不亚于5月初，需谨防衍生品市场可能发生的多头挤兑现象。另外，多头未平仓量的快速上升也体现在期权市场，从9月最低点开始已经攀升了36亿美元，涨幅64%，已超过9月初水平。,220,6,214,0,1570775807,吴说,2518,1184819,0.0,2021-10-12 18:05:47.000000,2021-10-12 18:38:43.373271,20211012,目前 市场 呈现 远期 价格 高于 即期 价格 的   contango   趋势 。 目前 未 平仓 量 已 接近 9 月初 ， 且 攀升 速度 不亚于 5 月初 ， 需 谨防 衍生品 市场 可能 发生 的 多头 挤兑 现象 。 另外 ， 多头 未 平仓 量 的 快速 上升 也 体现 在 期权 市场 ， 从 9 月 最低点 开始 已经 攀升 了 36 亿美元 ， 涨幅 64% ， 已 超过 9 月初 水平 。,月初/平仓/多头/攀升/contango/36/64%/挤兑/即期/市场/谨防/价格/不亚于/期权/远期/最低点/衍生品/目前/呈现/体现
1384539751,https://bihu.com/shortcontent/1384539751,#TikTok首个NFT系列作品拍卖# 国内抖音也会同步出NFT系列作品吗？抖粉们很是期待呦！,202,4,198,1,305351,逆鳞,902,337915,3.81,2021-10-12 18:05:24.000000,2021-10-12 18:38:43.373271,20211012,# TikTok 首个 NFT 系列 作品 拍卖 #   国内 抖音 也 会 同步 出 NFT 系列 作品 吗 ？ 抖 粉们 很 是 期待 呦 ！,NFT/系列/TikTok/抖音/粉们/作品/首个/拍卖/同步/期待/国内
1993657790,https://bihu.com/shortcontent/1993657790,"哪里有什么老天的眷顾，所谓的幸运和成功都源于你自身的努力和付出。
请记住，你现在多走的每一步都在拉开着你和别人的差距。
要做，就做生活的强者。
币友们，稳住我们能赢！！",185,4,181,0,1970915819,八步婉儿,57,3066,5.81,2021-10-12 18:04:35.000000,2021-10-12 18:38:43.373271,20211012,"哪里 有 什么 老天 的 眷顾 ， 所谓 的 幸运 和 成功 都 源于 你 自身 的 努力 和 付出 。 
 请 记住 ， 你 现在 多 走 的 每 一步 都 在 拉开 着 你 和 别人 的 差距 。 
 要 做 ， 就 做 生活 的 强者 。 
 币友们 ， 稳住 我们 能 赢 ！ ！",币友们/眷顾/强者/稳住/老天/幸运/记住/拉开/源于/付出/差距/一步/努力/自身/所谓/哪里/别人/成功/生活/现在
1546472219,https://bihu.com/shortcontent/1546472219,(比特币大饼-btc）行情波动如此之快完全按照我的思路轨迹在走。所以我一不小心又吹看一波牛b。哈哈哈哈。之前btc/eth布局多单完美预判，btc达到第一目标收割400多点，以太坊也达到第一目标收割30多个点，恭喜跟上的币友。（以太坊姨太-eth）#行情分析# #以太坊2.0# #比特币#,176,4,172,0,1187519579,区块链爽锅,47,24481,0.05,2021-10-12 17:58:33.000000,2021-10-12 18:38:43.373271,20211012,( 比特 币 大饼 - btc ） 行情 波动 如此 之快 完全 按照 我 的 思路 轨迹 在 走 。 所以 我 一不小心 又 吹 看 一波 牛 b 。 哈哈哈哈 。 之前 btc / eth 布局 多单 完美 预判 ， btc 达到 第一 目标 收割 400 多点 ， 以太 坊 也 达到 第一 目标 收割 30 多个 点 ， 恭喜 跟上 的 币友 。 （ 以太 坊 姨太 - eth ） # 行情 分析 #   # 以太 坊 2.0 #   # 比特 币 #,btc/以太/eth/比特/收割/之快/多单/预判/400/30/币友/2.0/大饼/姨太/目标/行情/第一/一不小心/哈哈哈哈/恭喜
1786908487,https://bihu.com/shortcontent/1786908487,有些项目太坏了，利好他不跌，利空他也不跌，只要我一买他就开始跌😭,175,7,168,0,46540,redone,27,84680,5.26,2021-10-12 17:57:23.000000,2021-10-12 18:38:43.373271,20211012,有些 项目 太坏 了 ， 利好 他 不 跌 ， 利空 他 也 不 跌 ， 只要 我 一买 他 就 开始 跌 😭,太坏/一买/利空/利好/只要/项目/有些/开始
1950868833,https://bihu.com/shortcontent/1950868833,这币乎还能顶多久呀,153,4,149,0,1793547677,时势,31,26482,4.71,2021-10-12 17:58:47.000000,2021-10-12 18:38:43.373271,20211012,这币乎 还 能 顶 多久 呀,这币乎/多久
1681186426,https://bihu.com/shortcontent/1681186426,"Filecoin网络将于10月15日进行第二次减产
Filfox浏览器数据显示，Filecoin网络当前区块高度为1190595，全网有效算力为12.299EiB，总质押量约为11777亿枚FIL活跃矿工数为3384个，每区块奖励为23.6149FIL，近24小时产出335814枚FIL24小时平均挖矿收益为0.0262FIL/TiB，目前FIL流通量为182238417。当前销毁28173510枚FIL。
注:根据Filecoin官方释放规则，Filecoin将于2021年10月15日迎来第二次减产，SAFT一年期全部线性释放完
毕，10月15日FIL12到期后，每天流通到市场的FIL将减",181,3,178,0,1725276287,马里奥小黄,23,14424,5.58,2021-10-12 17:56:05.000000,2021-10-12 18:38:43.373271,20211012,"Filecoin 网络 将 于 10 月 15 日 进行 第二次 减产 
 Filfox 浏览器 数据 显示 ， Filecoin 网络 当前 区块 高度 为 1190595 ， 全网 有效 算力 为 12.299 EiB ， 总 质押 量 约 为 11777 亿枚 FIL 活跃 矿工 数为 3384 个 ， 每 区块 奖励 为 23.6149 FIL ， 近 24 小时 产出 335814 枚 FIL24 小时 平均 挖矿 收益 为 0.0262 FIL / TiB ， 目前 FIL 流通量 为 182238417 。 当前 销毁 28173510 枚 FIL 。 
 注 : 根据 Filecoin 官方 释放 规则 ， Filecoin 将 于 2021 年 10 月 15 日 迎来 第二次 减产 ， SAFT 一年期 全部 线性 释放 完 
 毕 ， 10 月 15 日 FIL12 到期 后 ， 每天 流通 到 市场 的 FIL 将 减",FIL/Filecoin/10/15/区块/减产/释放/第二次/网络/挖矿/Filfox/1190595/算力/12.299/EiB/11777/亿枚/数为/3384/23.6149
1604488058,https://bihu.com/shortcontent/1604488058,"谨以此诗纪念长津湖战役的志愿军冰雕英魂
 
老兵最后的眼泪
作者丨丹青慕侠
 
战火与冰雪的痛
在岁月的眸子里
布满了悲伤震撼的一幕
呼啸刺耳的子弹
撕裂开生死离别的黑夜
盖马高原上的离别
是无情冰雪的生死
 
是冰，是雪
是生，是死
冰雕的悲壮
凛然的英魂
时时从老兵
沧桑，刚毅，浑浊，伤感的泪水中
缓缓地流出
或许，那是他最后的眼泪",204,5,199,0,1604263490,道缘,33,8970,1.99,2021-10-12 17:51:04.000000,2021-10-12 18:38:43.373271,20211012,"谨 以此 诗 纪念 长津湖 战役 的 志愿军 冰雕 英魂 
   
 老兵 最后 的 眼泪 
 作者 丨 丹青 慕侠 
   
 战火 与 冰雪 的 痛 
 在 岁月 的 眸子 里 
 布满 了 悲伤 震撼 的 一幕 
 呼啸 刺耳 的 子弹 
 撕裂 开 生死离别 的 黑夜 
 盖马 高原 上 的 离别 
 是 无情 冰雪 的 生死 
   
 是 冰 ， 是 雪 
 是 生 ， 是 死 
 冰雕 的 悲壮 
 凛然 的 英魂 
 时时 从 老兵 
 沧桑 ， 刚毅 ， 浑浊 ， 伤感 的 泪水 中 
 缓缓 地 流出 
 或许 ， 那 是 他 最后 的 眼泪",冰雕/英魂/老兵/冰雪/眼泪/生死离别/长津湖/慕侠/盖马/丹青/凛然/眸子/沧桑/最后/撕裂/浑浊/刺耳/离别/悲壮/战火
1754080480,https://bihu.com/shortcontent/1754080480,BMU  NFT第三期算力产品即将上市 ​​​,196,7,189,0,1589422053,liuxing,9,17696,5.94,2021-10-12 17:50:49.000000,2021-10-12 18:38:43.373271,20211012,BMU     NFT 第三期 算力 产品 即将 上市   ​ ​ ​,BMU/NFT/算力/第三期/即将/上市/产品
1126458750,https://bihu.com/shortcontent/1126458750,AVAX Gala luna Sol和dot现在是不错的入场机会，现在的报价分别是：53u 0.84u 37.4u 143u 33.7u。 收藏住！ ​​​,189,4,185,0,1651076095,币友_1651076095,38,11539,0.85,2021-10-12 17:50:32.000000,2021-10-12 18:38:43.373271,20211012,AVAX   Gala   luna   Sol 和 dot 现在 是 不错 的 入场 机会 ， 现在 的 报价 分别 是 ： 53u   0.84 u   37.4 u   143u   33.7 u 。   收藏 住 ！   ​ ​ ​,AVAX/Gala/luna/Sol/dot/53u/0.84/37.4/143u/33.7/入场/现在/收藏/报价/不错/机会/分别
1325083803,https://bihu.com/shortcontent/1325083803,"一级市场有什么好处呢？

每个币没有上交易所之前称之为一级市场，当一个币准备要上交易所之前都会经历几道顺序。

种子轮：早期轮以个人或机构为主提供初始团队搭建资金

私募轮：以机构为主待定投资/机构投资额度大价格优惠

公募轮：以个人为主普通用户投资额度小

一级市场一般种子价位是比较低的，但是很多币友都找不到这方面的渠道去参与一级市场项目。相对于二级市场来说，参与一级市场机会更大，拿到的价也比二级市场的要低很多，有的朋友甚至上线的交易所的那一刻就已经翻倍很多倍，甚至几十几百倍.",222,4,218,0,1583980010,币友_1583980010,9,1697,2.18,2021-10-12 17:45:33.000000,2021-10-12 18:38:43.373271,20211012,"一级 市场 有 什么 好处 呢 ？ 
 
 每个 币 没有 上 交易所 之前 称之为 一级 市场 ， 当 一个 币 准备 要 上 交易所 之前 都 会 经历 几道 顺序 。 
 
 种子 轮 ： 早期 轮以 个人 或 机构 为主 提供 初始 团队 搭建 资金 
 
 私募 轮 ： 以 机构 为主 待定 投资 / 机构 投资 额度 大 价格 优惠 
 
 公募 轮 ： 以 个人 为主 普通用户 投资 额度 小 
 
 一级 市场 一般 种子 价位 是 比较 低 的 ， 但是 很多 币友 都 找 不到 这方面 的 渠道 去 参与 一级 市场 项目 。 相对 于 二级 市场 来说 ， 参与 一级 市场 机会 更大 ， 拿到 的 价 也 比 二级 市场 的 要 低 很多 ， 有 的 朋友 甚至 上线 的 交易所 的 那一刻 就 已经 翻倍 很多 倍 ， 甚至 几十几百 倍 .",一级/市场/交易所/为主/很多/机构/种子/额度/几十几百/二级/轮以/公募/币友/投资/普通用户/个人/参与/待定/之前/甚至
1803225224,https://bihu.com/shortcontent/1803225224,"币圈一级市场是什么？

一级市场又称初级市场，是新发行的币种从发行者向投资者出售的市场。简单来说一级市场就是每一个币种在未上交易所之前由发行者向投资者公募私募的阶段。也就是币圈常说的一级项目私募币。
没有通过交易所交易的叫一级市场，也可以叫暗盘，在交易所交易的叫二级市场，两者都是供给关系，一方供不应求，另一方也会跟随其后",199,3,196,0,1583980010,币友_1583980010,9,1697,0.14,2021-10-12 17:45:15.000000,2021-10-12 18:38:43.373271,20211012,"币圈 一级 市场 是 什么 ？ 
 
 一级 市场 又称 初级 市场 ， 是 新 发行 的 币种 从 发行者 向 投资者 出售 的 市场 。 简单 来说 一级 市场 就是 每 一个 币种 在 未 上 交易所 之前 由 发行者 向 投资者 公募 私募 的 阶段 。 也 就是 币圈常 说 的 一级 项目 私募 币 。 
 没有 通过 交易所 交易 的 叫 一级 市场 ， 也 可以 叫 暗盘 ， 在 交易所 交易 的 叫 二级 市场 ， 两者 都 是 供给 关系 ， 一方 供不应求 ， 另一方 也 会 跟随 其后",一级/市场/发行者/币种/交易所/私募/币圈/公募/币圈常/暗盘/交易/投资者/另一方/供不应求/初级/就是/一方/跟随/其后/两者
1018000238,https://bihu.com/shortcontent/1018000238,律动 BlockBeats 消息，天眼查 App 显示，近日，《盗墓笔记》作者南派三叔（徐磊）任法人代表的杭州量子泛娱影视文化传媒股份有限公司申请注册「盗笔元宇宙」「南派元宇宙」等多项商标，国际分类涉及教育娱乐、通讯服务、科学仪器等，目前商标状态均为申请中。,231,4,227,0,1387912934,早安少年组,4,4861,7.24,2021-10-12 17:42:02.000000,2021-10-12 18:38:43.373271,20211012,律动   BlockBeats   消息 ， 天眼 查   App   显示 ， 近日 ， 《 盗墓 笔记 》 作者 南派 三叔 （ 徐磊 ） 任 法人代表 的 杭州 量子 泛娱 影视文化 传媒 股份 有限公司 申请 注册 「 盗 笔元 宇宙 」 「 南派 元 宇宙 」 等 多项 商标 ， 国际 分类 涉及 教育 娱乐 、 通讯 服务 、 科学仪器 等 ， 目前 商标 状态 均 为 申请 中 。,南派/商标/宇宙/申请/BlockBeats/App/三叔/徐磊/泛娱/笔元/律动/科学仪器/影视文化/天眼/法人代表/量子/笔记/盗墓/传媒/多项
1409506408,https://bihu.com/shortcontent/1409506408,卖币倒计时－60天。,170,3,167,0,1253671614,珺,501,102262,5.16,2021-10-12 17:46:00.000000,2021-10-12 18:38:43.373271,20211012,卖币 倒计时 － 60 天 。,卖币/60/倒计时
1755452557,https://bihu.com/shortcontent/1755452557,加密货币分析师、交易员Tone Vays提醒比特币交易员，尽管比特币继续走高，但正在出现疲软迹象。“但我不喜欢四小时时间范围内的震荡指标，它正在进入MRI（动量反转指标）顶部。所以你真的需要小心了。你想谨慎一点……所以这是值得关注的。这不正常。由于价格突破新高，你通常不会得到看跌的CMF。这是非常非常罕见的。当你的交易量下降得如此严重时，就会发生这种情况。”从单日数据来看，Vays强调，随着比特币的上涨，BTC交易量正在逐渐减少。在短期内，Vays预计BTC将在继续攀升至历史新高之前回落。,217,4,213,0,1513342786,慕容说说,14,1503,0.4,2021-10-12 17:40:26.000000,2021-10-12 18:38:43.373271,20211012,加密 货币 分析师 、 交易员 Tone   Vays 提醒 比特 币 交易员 ， 尽管 比特 币 继续 走高 ， 但 正在 出现 疲软 迹象 。 “ 但 我 不 喜欢 四 小时 时间 范围 内 的 震荡 指标 ， 它 正在 进入 MRI （ 动量 反转 指标 ） 顶部 。 所以 你 真的 需要 小心 了 。 你 想 谨慎 一点 … … 所以 这是 值得 关注 的 。 这 不 正常 。 由于 价格 突破 新高 ， 你 通常 不会 得到 看跌 的 CMF 。 这是 非常 非常 罕见 的 。 当 你 的 交易量 下降 得 如此 严重 时 ， 就 会 发生 这种 情况 。 ” 从 单日 数据 来看 ， Vays 强调 ， 随着 比特 币 的 上涨 ， BTC 交易量 正在 逐渐 减少 。 在短期内 ， Vays 预计 BTC 将 在 继续 攀升 至 历史 新高 之前 回落 。,Vays/比特/BTC/交易员/交易量/正在/新高/指标/Tone/MRI/CMF/看跌/非常/加密/动量/这是/继续/所以/在短期内/单日
1931521840,https://bihu.com/shortcontent/1931521840,"#我喜欢的长文类型#
 不管是什么长文，只要是值得学习的，我都会去看一看，还是有好多高质量的文章的，提高自己对数字货币的看法，同时还会点赞😍😍😍",228,4,224,4,97804,权心权意,110,544370,4.33,2021-10-12 17:39:58.000000,2021-10-12 18:38:43.373271,20211012,"# 我 喜欢 的 长文 类型 # 
   不管 是 什么 长文 ， 只要 是 值得 学习 的 ， 我 都 会 去 看一看 ， 还是 有 好多 高质量 的 文章 的 ， 提高 自己 对 数字 货币 的 看法 ， 同时 还会点 赞 😍 😍 😍",长文/还会点/高质量/看一看/好多/文章/看法/数字/值得/不管/学习/类型/喜欢/货币/只要/提高/同时/还是/什么/自己
1810478506,https://bihu.com/shortcontent/1810478506,ETH短线上涨，突破3600美元关口，现报3601.13美元，日内涨幅达到1.23%，行情波动较大，请做好风险控制。$BTC $BTC $ETH,212,4,208,0,1505033877,韭菜不再菜,16,2207,0.02,2021-10-12 17:40:22.000000,2021-10-12 18:38:43.373271,20211012,ETH 短线 上涨 ， 突破 3600 美元 关口 ， 现报 3601.13 美元 ， 日内 涨幅 达到 1.23% ， 行情 波动 较大 ， 请 做好 风险 控制 。 $ BTC   $ BTC   $ ETH,ETH/BTC/3600/现报/3601.13/1.23%/美元/日内/关口/短线/做好/波动/突破/涨幅/行情/较大/控制/风险/上涨/达到
1615592566,https://bihu.com/shortcontent/1615592566,上一波3500一线上方的空单，再次跌至3470一线下方，现在以太就是在这窄幅震荡，反弹高点越来越低，跌破是迟早的问题，反弹就可以择机干空进去，空单在手，迎接晚上的大跌行情吧！#比特币# #以太坊#,217,4,213,0,1221835960,趋势才是长久之计,270,307588,0.0,2021-10-12 17:38:19.000000,2021-10-12 18:38:43.373271,20211012,上 一波 3500 一线 上方 的 空单 ， 再次 跌至 3470 一线 下方 ， 现在 以太 就是 在 这 窄幅 震荡 ， 反弹 高点 越来越低 ， 跌破 是 迟早 的 问题 ， 反弹 就 可以 择机 干空 进去 ， 空单 在手 ， 迎接 晚上 的 大跌 行情 吧 ！ # 比特 币 #   # 以太 坊 #,空单/以太/一线/3500/跌至/3470/干空/反弹/越来越低/比特/择机/迟早/在手/窄幅/一波/下方/跌破/大跌/迎接/上方
1135433837,https://bihu.com/shortcontent/1135433837,话说我给币乎客服发邮件资询广告的事，一天了没回音，这还干不干了？@币乎闹闹,295,5,290,3,174538,第二个区块,581,785256,5.65,2021-10-12 17:31:25.000000,2021-10-12 18:38:43.373271,20211012,话 说 我 给币乎 客服 发邮件 资询 广告 的 事 ， 一天 了 没 回音 ， 这 还 干 不 干 了 ？ @ 币乎 闹 闹,给币乎/资询/币乎/发邮件/回音/客服/广告/一天
1045394274,https://bihu.com/shortcontent/1045394274,"如果你不是中国人，
你不会知道“天涯”有多远，
“断肠”是一种怎样的思念。
你体会不到有一种“愁”，
能“恰似一江春水向东流”；
你体会不到有一种“喜”，
可以“漫卷诗书喜欲狂”；
你体会不到有一种悲，
叫做“十年生死两茫茫”；
你也将永远不会懂，
“江南”不止是个笼统的地名，“扬州”也不止是一座小城，“滕王阁”“黄鹤楼”“岳阳楼”“鹳雀楼”多少英雄曾在楼上扼腕西风......庆幸我是中国人。
        这世上，再也没有第二种语言能像中文一样，变幻出如此多的美丽，蕴含着如此深的情愫，中文之美，美得无与伦比；中文之美，美得无法形容。
中文之美，只有中国人才懂。
做个中国人很美、很美！",222,5,217,0,1604263490,道缘,33,8970,4.17,2021-10-12 17:32:52.000000,2021-10-12 18:38:43.373271,20211012,"如果 你 不是 中国 人 ， 
 你 不会 知道 “ 天涯 ” 有多远 ， 
 “ 断肠 ” 是 一种 怎样 的 思念 。 
 你 体会 不到 有 一种 “ 愁 ” ， 
 能 “ 恰似 一江春水向东流 ” ； 
 你 体会 不到 有 一种 “ 喜 ” ， 
 可以 “ 漫卷 诗书 喜欲狂 ” ； 
 你 体会 不到 有 一种 悲 ， 
 叫做 “ 十年 生死 两 茫茫 ” ； 
 你 也 将 永远 不会 懂 ， 
 “ 江南 ” 不止 是 个 笼统 的 地名 ， “ 扬州 ” 也 不止 是 一座 小城 ， “ 滕王阁 ” “ 黄鹤楼 ” “ 岳阳楼 ” “ 鹳雀楼 ” 多少 英雄 曾 在 楼上 扼腕 西风 ...... 庆幸 我 是 中国 人 。 
                 这 世上 ， 再也 没有 第二种 语言 能 像 中文 一样 ， 变幻 出 如此 多 的 美丽 ， 蕴含着 如此 深 的 情愫 ， 中文 之美 ， 美 得 无与伦比 ； 中文 之美 ， 美 得 无法形容 。 
 中文 之美 ， 只有 中国 人才 懂 。 
 做个 中国 人 很 美 、 很 美 ！",之美/中文/体会/一种/不到/不止/鹳雀楼/中国/有多远/喜欲狂/....../漫卷/无法形容/滕王阁/扼腕/情愫/岳阳楼/一江春水向东流/断肠/黄鹤楼
1696524173,https://bihu.com/shortcontent/1696524173,吴说获悉，根据Filecoin官方释放规则，Filecoin将于2021年10月15日迎来第二次减产，在2021年4月15日第一次减产后FIL6释放完毕，流通量减少了43%；10月15日后，FIL12也将到期，每日释放量预计减少23.8%。,306,5,301,1,1570775807,吴说,2518,1184819,0.0,2021-10-12 17:28:35.000000,2021-10-12 18:38:43.373271,20211012,吴说 获悉 ， 根据 Filecoin 官方 释放 规则 ， Filecoin 将 于 2021 年 10 月 15 日 迎来 第二次 减产 ， 在 2021 年 4 月 15 日 第一次 减产 后 FIL6 释放 完毕 ， 流通量 减少 了 43% ； 10 月 15 日后 ， FIL12 也 将 到期 ， 每日 释放 量 预计 减少 23.8% 。,15/Filecoin/2021/10/释放/减产/吴说/FIL6/43%/FIL12/23.8%/减少/流通量/官方/获悉/完毕/日后/到期/迎来/规则
1268408998,https://bihu.com/shortcontent/1268408998,"#行情分析# 
10月12日消息，加密货币分析师、交易员Tone Vays提醒比特币交易员，尽管比特币继续走高，但正在出现疲软迹象。“但我不喜欢四小时时间范围内的震荡指标，它正在进入MRI（动量反转指标）顶部。所以你真的需要小心了。你想谨慎一点……所以这是值得关注的。这不正常。由于价格突破新高，你通常不会得到看跌的CMF。这是非常非常罕见的。当你的交易量下降得如此严重时，就会发生这种情况。”从单日数据来看，Vays强调，随着比特币的上涨，BTC交易量正在逐渐减少。在短期内，Vays预计BTC将在继续攀升至历史新高之前回落。",242,5,237,3,564516,绿色莹莹,93,554912,4.51,2021-10-12 17:30:08.000000,2021-10-12 18:38:43.373271,20211012,"# 行情 分析 #   
 10 月 12 日 消息 ， 加密 货币 分析师 、 交易员 Tone   Vays 提醒 比特 币 交易员 ， 尽管 比特 币 继续 走高 ， 但 正在 出现 疲软 迹象 。 “ 但 我 不 喜欢 四 小时 时间 范围 内 的 震荡 指标 ， 它 正在 进入 MRI （ 动量 反转 指标 ） 顶部 。 所以 你 真的 需要 小心 了 。 你 想 谨慎 一点 … … 所以 这是 值得 关注 的 。 这 不 正常 。 由于 价格 突破 新高 ， 你 通常 不会 得到 看跌 的 CMF 。 这是 非常 非常 罕见 的 。 当 你 的 交易量 下降 得 如此 严重 时 ， 就 会 发生 这种 情况 。 ” 从 单日 数据 来看 ， Vays 强调 ， 随着 比特 币 的 上涨 ， BTC 交易量 正在 逐渐 减少 。 在短期内 ， Vays 预计 BTC 将 在 继续 攀升 至 历史 新高 之前 回落 。",Vays/比特/BTC/交易员/交易量/正在/新高/指标/10/12/Tone/MRI/CMF/看跌/非常/加密/动量/这是/继续/所以
1232316882,https://bihu.com/shortcontent/1232316882,富士币圈-10.12 1小时趋势通道内运行，上方压制。1小时趋势图分析，BTC上方57800-58000区间压制，BTC反弹57500上方空单继续进场，再次止盈获利400点离场。另外布林带缩口，已下破中轨，晚间BTC大家反弹任意做空即可。,213,5,208,0,1896281241,富士币圈,189,55938,0.15,2021-10-12 17:31:03.000000,2021-10-12 18:38:43.373271,20211012,富士 币圈 - 10.12   1 小时 趋势 通道 内 运行 ， 上方 压制 。 1 小时 趋势 图 分析 ， BTC 上方 57800 - 58000 区间 压制 ， BTC 反弹 57500 上方 空单 继续 进场 ， 再次 止盈 获利 400 点 离场 。 另外 布 林带 缩口 ， 已下 破 中轨 ， 晚间 BTC 大家 反弹 任意 做空 即可 。,BTC/上方/压制/币圈/10.12/57800/58000/57500/空单/400/缩口/已下/中轨/做空/小时/反弹/趋势/富士/止盈/林带
1000826215,https://bihu.com/shortcontent/1000826215,国际货币基金组织执行董事会在针对总裁克里斯塔利娜·格奥尔基耶娃的指控进行了彻查后，于当地时间10月11日发表声明，宣布对格奥尔基耶娃继续担任总裁并有效履行职责表示充分的信任。格奥尔基耶娃曾表示BTC是一种“让人们对该资产抱有一定信任的投资方式”，但她认为不能将BTC归类为货币，BTC需要被“非常广泛地”接受才能成为一种货币，目前远未达到这一目标。此外，格奥尔基耶娃坚信央行数字货币将是最安全的支付方式，国际货币基金组织必须向前迈进，为各国提供一个平台，以便在未来实现众多CBDC的互操作性。$BTC,213,4,209,0,1881868526,区块链心心,28,38858,2.06,2021-10-12 17:30:40.000000,2021-10-12 18:38:43.373271,20211012,国际货币基金组织 执行 董事会 在 针对 总裁 克里斯塔 利娜 · 格奥尔基 耶娃 的 指控 进行 了 彻查 后 ， 于 当地 时间 10 月 11 日 发表声明 ， 宣布 对 格奥尔基 耶娃 继续 担任 总裁 并 有效 履行职责 表示 充分 的 信任 。 格奥尔基 耶娃 曾 表示 BTC 是 一种 “ 让 人们 对 该 资产 抱 有 一定 信任 的 投资 方式 ” ， 但 她 认为 不能 将 BTC 归类 为 货币 ， BTC 需要 被 “ 非常 广泛 地 ” 接受 才能 成为 一种 货币 ， 目前 远 未 达到 这一 目标 。 此外 ， 格奥尔基 耶娃 坚信 央行 数字 货币 将 是 最 安全 的 支付 方式 ， 国际货币基金组织 必须 向前 迈进 ， 为 各国 提供 一个 平台 ， 以便 在 未来 实现 众多 CBDC 的 互操作性 。 $ BTC,格奥尔基/耶娃/BTC/国际货币基金组织/货币/总裁/信任/克里斯塔/互操作性/利娜/10/11/CBDC/彻查/履行职责/归类/方式/迈进/发表声明/坚信
1493263411,https://bihu.com/shortcontent/1493263411,区块链时代已经到了！,173,2,171,0,1085705017,姿沂1085705,12,4170,5.26,2021-10-12 17:33:15.000000,2021-10-12 18:38:43.373271,20211012,区块 链 时代 已经 到 了 ！,区块/时代/已经
1141324953,https://bihu.com/shortcontent/1141324953,短线空单30多单稳健离场。,154,5,149,0,1525922156,区块链夏阳,27,43181,0.1,2021-10-12 17:34:47.000000,2021-10-12 18:38:43.373271,20211012,短线 空单 30 多单 稳健 离场 。,空单/30/多单/离场/稳健/短线
1662495403,https://bihu.com/shortcontent/1662495403,坚守不仅需要理念，还需要技术手段的支撑，未来，可能仅有**是不够的。 ​​​#行情分析#,196,5,191,0,1881868526,区块链心心,28,38858,0.35,2021-10-12 17:27:58.000000,2021-10-12 18:38:43.373271,20211012,坚守 不仅 需要 理念 ， 还 需要 技术手段 的 支撑 ， 未来 ， 可能 仅 有 * * 是 不够 的 。   ​ ​ ​ # 行情 分析 #,技术手段/需要/坚守/理念/不够/支撑/行情/不仅/分析/未来/可能
1737686838,https://bihu.com/shortcontent/1737686838,大多数币都是跟着以太坊下跌，少数跟大饼,221,4,217,0,1018297579,孙割石,187,105665,6.82,2021-10-12 17:26:13.000000,2021-10-12 18:38:43.373271,20211012,大多数 币 都 是 跟着 以太 坊 下跌 ， 少数 跟 大饼,大饼/以太/少数/大多数/跟着/下跌
1229278694,https://bihu.com/shortcontent/1229278694,连以太坊都没有资格跟着比特币出肉，其它主流更是惨不忍睹,193,4,189,0,1018297579,孙割石,187,105665,3.56,2021-10-12 17:27:43.000000,2021-10-12 18:38:43.373271,20211012,连 以太 坊 都 没有 资格 跟着 比特 币 出肉 ， 其它 主流 更是 惨不忍睹,出肉/比特/惨不忍睹/以太/主流/资格/其它/跟着/更是/没有
1724168892,https://bihu.com/shortcontent/1724168892,"BTC昨日继续震荡上行，当前来到57000美元附近。技术上，4小时线看，BTC昨日继续吸血上行，MACD和RSI出现顶背离，但当前没什么卖压，上行动力也仍然存 在，短期仍有可能进一步拉升至60000美元附近关口。 不过 后面就需要注意了,拉升之后调整是不可避免的，- -旦开始 调整 ,下方支撑就要看至52000--53000美元附近。 第二轮 | 拉升可能会切换风格。原有仓位可以继续持有，58000--60000之间可以考虑逐步离场。
$BTC #BTC#",236,6,230,2,1066651899,sm加密文件,14,2295,0.43,2021-10-12 17:22:16.000000,2021-10-12 18:38:43.373271,20211012,"BTC 昨日 继续 震荡 上行 ， 当前 来到 57000 美元 附近 。 技术 上 ， 4 小时 线 看 ， BTC 昨日 继续 吸血 上行 ， MACD 和 RSI 出现 顶背离 ， 但 当前 没什么 卖压 ， 上行 动力 也 仍然 存   在 ， 短期 仍 有 可能 进一步 拉 升至 60000 美元 附近 关口 。   不过   后面 就 需要 注意 了 , 拉升 之后 调整 是 不可避免 的 ， -   - 旦 开始   调整   , 下方 支撑 就要 看至 52000 -- 53000 美元 附近 。   第二轮   |   拉升 可能 会 切换 风格 。 原有 仓位 可以 继续 持有 ， 58000 -- 60000 之间 可以 考虑 逐步 离场 。 
 $ BTC   # BT C#",BTC/60000/--/上行/美元/附近/拉升/继续/57000/MACD/RSI/看至/52000/53000/58000/BT/C#/顶背离/卖压/当前
1301203077,https://bihu.com/shortcontent/1301203077,"币圈操作的三项法宝：心态、技术、资金控管。

定心、定法、依法，自然操作无碍。",213,3,210,0,1881868526,区块链心心,28,38858,0.94,2021-10-12 17:22:38.000000,2021-10-12 18:38:43.373271,20211012,"币圈 操作 的 三项 法宝 ： 心态 、 技术 、 资金 控管 。 
 
 定心 、 定 法 、 依法 ， 自然 操作 无碍 。",控管/币圈/定心/操作/无碍/法宝/三项/心态/依法/自然/技术/资金
1570760658,https://bihu.com/shortcontent/1570760658,是什么情况，使得大饼涨起来，大饼吃肉其他 主流币喝汤都没有😭,250,4,246,1,1214173951,海棠与瓜皮,40,12103,7.79,2021-10-12 17:18:44.000000,2021-10-12 18:38:43.373271,20211012,是 什么 情况 ， 使得 大饼 涨起来 ， 大饼 吃 肉 其他   主流 币 喝汤 都 没有 😭,大饼/涨起来/喝汤/主流/使得/其他/情况/什么/没有
1085161997,https://bihu.com/shortcontent/1085161997,"有这样一句话：
每个人都是被上帝咬过的苹果。都是不完全的，有人缺陷大一点，那是因为上帝太喜欢他的芬芳了，多咬了一口。
 
所以，接受命运的馈赠，接纳不完美的自己，温柔的爱上自己的一切，才是人生的大智慧。
 
喜剧大师卓别林有一首诗：当我开始爱自己，我不再渴求不同的人生。我知道任何发生在我身边的事情，都是对我成长的邀请。如今，我称之为“成熟”......
 
学会接受自己的不完美，是一个人走向成熟的开始。
 
很多人用一生去接受世界，而我们只需要去接受自己就好。
 
毕竟这个世界上，只有一个你，你怎么能让自己过的不开心，不如意呢？爱自己才是一生最浪漫的开始。",284,5,279,2,1604263490,道缘,33,8970,8.76,2021-10-12 17:15:02.000000,2021-10-12 18:38:43.373271,20211012,"有 这样 一句 话 ： 
 每个 人 都 是 被 上帝 咬过 的 苹果 。 都 是 不 完全 的 ， 有人 缺陷 大 一点 ， 那 是因为 上帝 太 喜欢 他 的 芬芳 了 ， 多 咬了一口 。 
   
 所以 ， 接受 命运 的 馈赠 ， 接纳 不 完美 的 自己 ， 温柔 的 爱 上 自己 的 一切 ， 才 是 人生 的 大 智慧 。 
   
 喜剧 大师 卓别林 有 一首 诗 ： 当 我 开始 爱 自己 ， 我 不再 渴求 不同 的 人生 。 我 知道 任何 发生 在 我 身边 的 事情 ， 都 是 对 我 成长 的 邀请 。 如今 ， 我 称之为 “ 成熟 ” ...... 
   
 学会 接受 自己 的 不 完美 ， 是 一个 人 走向 成熟 的 开始 。 
   
 很多 人用 一生 去 接受 世界 ， 而 我们 只 需要 去 接受 自己 就 好 。 
   
 毕竟 这个 世界 上 ， 只有 一个 你 ， 你 怎么 能 让 自己 过 的 不 开心 ， 不如意 呢 ？ 爱 自己 才 是 一生 最 浪漫 的 开始 。",自己/接受/完美/上帝/人生/一生/成熟/咬过/....../人用/开始/卓别林/咬了一口/馈赠/不如意/渴求/芬芳/世界/浪漫/接纳
1259815794,https://bihu.com/shortcontent/1259815794,"吴说获悉，Bitfarms 宣布签署合同并开始在阿根廷建设 210 兆瓦的设施，预计可容纳超过 55,000 台矿机，“阿根廷工厂计划以每千瓦时仅 2.2 美分的有吸引力的价格使用电力生产比特币，从而大大降低我们已经很低的比特币开采成本”。",341,10,331,1,1570775807,吴说,2518,1184819,0.01,2021-10-12 17:09:26.000000,2021-10-12 18:38:43.373271,20211012,"吴说 获悉 ， Bitfarms   宣布 签署 合同 并 开始 在 阿根廷 建设   210   兆瓦 的 设施 ， 预计 可 容纳 超过   55 , 000   台矿机 ， “ 阿根廷 工厂 计划 以 每 千瓦时 仅   2.2   美分 的 有 吸引力 的 价格 使用 电力 生产 比特 币 ， 从而 大大降低 我们 已经 很 低 的 比特 币 开采 成本 ” 。",比特/阿根廷/吴说/Bitfarms/210/55/000/台矿机/2.2/千瓦时/兆瓦/大大降低/容纳/美分/吸引力/开采/获悉/设施/签署/合同
1017191859,https://bihu.com/shortcontent/1017191859,在生命的长河中，所处位置不同，思考的问题，看到的风景，也截然不同。换个心态看问题，人生才会简单，幸福才能不请自来。感恩惜福，努力奋进～,254,6,248,1,315929,福多多,150,73275,7.69,2021-10-12 17:12:41.000000,2021-10-12 18:38:43.373271,20211012,在 生命 的 长河 中 ， 所 处 位置 不同 ， 思考 的 问题 ， 看到 的 风景 ， 也 截然不同 。 换个 心态 看 问题 ， 人生 才 会 简单 ， 幸福 才能 不请自来 。 感恩 惜福 ， 努力 奋进 ～,惜福/不请自来/奋进/长河/换个/感恩/截然不同/问题/风景/心态/思考/人生/幸福/生命/努力/位置/简单/才能/看到/不同
1825113582,https://bihu.com/shortcontent/1825113582,"以太坊区块链上首批加密收藏 NFT 类型项目只需要以太坊空投地址
https://etherrock.net/airdrop/KXVVXXT/
基于以太坊的像素meme艺术品填入空投地址即可领取
https://punknft.finance/IH1FIVM",236,8,228,1,1685979859,爱阔阔,3,255,7.17,2021-10-12 17:13:04.000000,2021-10-12 18:38:43.373271,20211012,"以太 坊 区块 链上 首批 加密 收藏   NFT   类型 项目 只 需要 以太 坊 空投 地址 
 https : / / etherrock . net / airdrop / KXVVXXT / 
 基于 以太 坊 的 像素 meme 艺术品 填入 空投 地址 即可 领取 
 https : / / punknft . finance / IH1FIVM",以太/https/空投/地址/链上/NFT/etherrock/net/airdrop/KXVVXXT/meme/punknft/finance/IH1FIVM/区块/像素/填入/加密/艺术品/领取
1025329396,https://bihu.com/shortcontent/1025329396,"不要幻想每一笔交易都圆圆满满，盈亏需要平衡，得失也需要感受。、
ETH（以太坊）                     
多空 ：空
起点 ：3500-3510附近                                               
终点 ：3490-3470-3450附近                               
休息 ：（补仓）自行                                                  
放弃 ：（防守）3530上方
路线策略仅供参考 具体以实时指导为准",269,8,261,0,1525922156,区块链夏阳,27,43181,4.99,2021-10-12 17:07:45.000000,2021-10-12 18:38:43.373271,20211012,"不要 幻想 每 一笔 交易 都 圆圆满满 ， 盈亏 需要 平衡 ， 得失 也 需要 感受 。 、 
 ETH （ 以太 坊 ）                                           
 多空   ： 空 
 起点   ： 3500 - 3510 附近                                                                                               
 终点   ： 3490 - 3470 - 3450 附近                                                               
 休息   ： （ 补仓 ） 自行                                                                                                     
 放弃   ： （ 防守 ） 3530 上方 
 路线 策略 仅供参考   具体 以 实时 指导 为准",圆圆满满/ETH/多空/3500/3510/3490/3470/3450/3530/补仓/附近/以太/盈亏/仅供参考/需要/得失/终点/实时/为准/防守
1711347353,https://bihu.com/shortcontent/1711347353,"2021.10.12 波卡生态日报，Moonbeam/Moonriver再获重要合作。

加入我们的电报群“https://t.me/polkadot_eri”，可与众多爱好者畅谈波卡。
#行情分析# #波卡# $DOT",246,6,240,0,80406,DOT生态研究院,130,25214,7.46,2021-10-12 17:07:45.000000,2021-10-12 18:38:43.373271,20211012,"2021.10 . 12   波卡 生态 日报 ， Moonbeam / Moonriver 再 获 重要 合作 。 
 
 加入 我们 的 电报 群 “ https : / / t . me / polkadot _ eri ” ， 可 与 众多 爱好者 畅谈 波卡 。 
 # 行情 分析 #   # 波卡 #   $ DOT",波卡/2021.10/12/Moonbeam/Moonriver/https/me/polkadot/eri/DOT/畅谈/爱好者/电报/日报/生态/加入/众多/合作/行情/分析
1352736494,https://bihu.com/shortcontent/1352736494,OK得下载链接有吗，兄弟们,226,5,221,0,296591,金华小电鳗,3,3607,7.11,2021-10-12 17:07:49.000000,2021-10-12 18:38:43.373271,20211012,OK 得 下载 链接 有 吗 ， 兄弟 们,OK/链接/下载/兄弟
1322311918,https://bihu.com/shortcontent/1322311918,"Colizeum——下一代电子竞技平台；GAMEFI+元宇宙；由手游明星开发者及区块链专业人士联手打造；Axia8和AU21领投项目目前项目已有落地游戏，主流APP应用商店可下载。

今日17：30准时开始，感兴趣的币友可进社群【+SDZDADIII】",228,7,221,0,1664714328,三点钟区块链研究院大,46,12320,6.91,2021-10-12 17:06:58.000000,2021-10-12 18:38:43.373271,20211012,"Colizeum — — 下一代 电子竞技 平台 ； GAMEFI + 元 宇宙 ； 由 手游 明星 开发者 及 区块 链 专业人士 联手 打造 ； Axia8 和 AU21 领投 项目 目前 项目 已有 落地 游戏 ， 主流 APP 应用 商店 可 下载 。 
 
 今日 17 ： 30 准时 开始 ， 感兴趣 的 币友 可进 社群 【 + SDZDADIII 】",Colizeum/电子竞技/GAMEFI/手游/Axia8/AU21/领投/APP/17/30/币友/SDZDADIII/区块/社群/开发者/项目/准时/下一代/专业人士/感兴趣
1411135557,https://bihu.com/shortcontent/1411135557,认识自己,204,5,199,0,625400,吉星高照888,265,389823,3.83,2021-10-12 17:08:02.000000,2021-10-12 18:38:43.373271,20211012,认识 自己,认识/自己
1661236099,https://bihu.com/shortcontent/1661236099,"《盗墓笔记》作者南派三叔公司申请“盗笔元宇宙”及“南派元宇宙”商标
天眼查App显示，近日，杭州量子泛娱影视文化传媒股份有限公司申请注册“盗笔元宇宙”“南派元宇宙”等多项商标，国际分类涉及教育娱乐、通讯服务、科学仪器等，目前商标状态均为申请中。 杭州量子泛娱影视文化传媒股份有限公司成立于2014年3月，法定代表人及大股东、董事长均为徐磊（南派三叔），注册资本约1.26亿人民币，经营范围包括企业管理咨询；电视剧制作；电视剧发行；广播电视节目制作经营等。（金融界）#行情分析# #比特币# #财经#",259,8,251,0,1139046818,币圈一级市场推荐,22,3981,1.14,2021-10-12 17:04:21.000000,2021-10-12 18:38:43.373271,20211012,"《 盗墓 笔记 》 作者 南派 三叔 公司 申请 “ 盗 笔元 宇宙 ” 及 “ 南派 元 宇宙 ” 商标 
 天眼 查 App 显示 ， 近日 ， 杭州 量子 泛娱 影视文化 传媒 股份 有限公司 申请 注册 “ 盗 笔元 宇宙 ” “ 南派 元 宇宙 ” 等 多项 商标 ， 国际 分类 涉及 教育 娱乐 、 通讯 服务 、 科学仪器 等 ， 目前 商标 状态 均 为 申请 中 。   杭州 量子 泛娱 影视文化 传媒 股份 有限公司 成立 于 2014 年 3 月 ， 法定代表 人及 大 股东 、 董事长 均 为 徐磊 （ 南派 三叔 ） ， 注册资本 约 1.26 亿 人民币 ， 经营范围 包括 企业 管理 咨询 ； 电视剧 制作 ； 电视剧 发行 ； 广播 电视节目 制作 经营 等 。 （ 金融界 ） # 行情 分析 #   # 比特 币 #   # 财经 #",南派/宇宙/商标/三叔/笔元/泛娱/影视文化/申请/量子/电视剧/传媒/制作/杭州/App/2014/人及/徐磊/1.26/科学仪器/天眼
1040251436,https://bihu.com/shortcontent/1040251436,"「翻译悬赏」三篇技术文章：   

 如何在Akash上挖Monero币，如何在Akash部署PluseChain全节点，如何在Akash上部署Solana。
欢迎大家加入论坛回帖参与活动：https://forum.akash.network/c/chinese/50

加入Akash中国社区QQ群:http://t.cn/A6IayTx5  群号754793800

#Akash#  #Monero#  #SOL#$AKT",314,6,308,1,1117023356,Akash,295,92451,5.97,2021-10-12 17:01:13.000000,2021-10-12 18:38:43.373271,20211012,"「 翻译 悬赏 」 三篇 技术 文章 ：       
 
   如何 在 Akash 上 挖 Monero 币 ， 如何 在 Akash 部署 PluseChain 全 节点 ， 如何 在 Akash 上 部署 Solana 。 
 欢迎 大家 加入 论坛 回帖 参与 活动 ： https : / / forum . akash . network / c / chinese / 50 
 
 加入 Akash 中国 社区 QQ 群 : http : / / t . cn / A6IayTx5     群号 754793800 
 
 # Akash #     # Monero #     # SOL # $ AKT",Akash/Monero/如何/部署/加入/PluseChain/Solana/https/forum/akash/network/chinese/50/QQ/http/cn/A6IayTx5/群号/754793800/SOL
1725123924,https://bihu.com/shortcontent/1725123924,8月22日消息，SuperRare官方表示，截止8月21日，已经有1.3亿枚RARE代币被大约6000个独立地址申领，前100个地址大约持有RARE总供应量的6%。所有在2021年7月21日之前，在SuperRare上收藏和出售艺术作品的用户都有资格获得RARE空投。此前消息，加密艺术平台SuperRare宣布发行平台币RARE，并开启1.5亿枚RARE空投。#行情分析#,260,7,253,0,1314995970,区块链六六y,13,3506,7.76,2021-10-12 17:00:22.000000,2021-10-12 18:38:43.373271,20211012,8 月 22 日 消息 ， SuperRare 官方 表示 ， 截止 8 月 21 日 ， 已经 有 1.3 亿枚 RARE 代币 被 大约 6000 个 独立 地址 申领 ， 前 100 个 地址 大约 持有 RARE 总 供应量 的 6% 。 所有 在 2021 年 7 月 21 日 之前 ， 在 SuperRare 上 收藏 和 出售 艺术作品 的 用户 都 有 资格 获得 RARE 空投 。 此前 消息 ， 加密 艺术 平台 SuperRare 宣布 发行 平台 币 RARE ， 并 开启 1.5 亿枚 RARE 空投 。 # 行情 分析 #,RARE/SuperRare/21/亿枚/空投/地址/代币/平台/22/1.3/6000/100/6%/2021/1.5/大约/申领/消息/艺术作品/加密
1124187790,https://bihu.com/shortcontent/1124187790,任务,155,5,150,0,1991750614,大仙哈哈,19,40536,1.47,2021-10-12 17:06:25.000000,2021-10-12 18:38:43.373271,20211012,任务,任务
1201689928,https://bihu.com/shortcontent/1201689928,"技术面上,行情进入小幅盘整，但是支撑在缓慢上移短期关注上方压力能否有效突破
今日分析币种 BTC/ETH/BCH/LTC/DOT/FIL/BNB 
BTC（比特币）
多空 ：空
起点 ：57600附近
终点 ：57300-57000-56500附近
休息 ：（补仓）自行
放弃 ：（防守）58050
路线策略仅供参考 具体以实时指导为准",241,8,233,0,1525922156,区块链夏阳,27,43181,2.29,2021-10-12 17:00:43.000000,2021-10-12 18:38:43.373271,20211012,"技术 面上 , 行情 进入 小幅 盘整 ， 但是 支撑 在 缓慢 上移 短期 关注 上方 压力 能否 有效 突破 
 今日 分析 币种   BTC / ETH / BCH / LTC / DOT / FIL / BNB   
 BTC （ 比特 币 ） 
 多空   ： 空 
 起点   ： 57600 附近 
 终点   ： 57300 - 57000 - 56500 附近 
 休息   ： （ 补仓 ） 自行 
 放弃   ： （ 防守 ） 58050 
 路线 策略 仅供参考   具体 以 实时 指导 为准",BTC/ETH/BCH/LTC/DOT/FIL/BNB/多空/57600/57300/57000/56500/58050/补仓/附近/币种/比特/仅供参考/上移/终点
1939770587,https://bihu.com/shortcontent/1939770587,xec涨了，,190,5,185,0,278381,币友_278381,72,22590,3.52,2021-10-12 17:01:54.000000,2021-10-12 18:38:43.373271,20211012,xec 涨 了 ，,xec
1066556657,https://bihu.com/shortcontent/1066556657,"加拿大比特币矿业公司Bitfarms宣布，位于阿根廷的大型比特币矿场正在建设中，该设施旨在容纳55,000名矿工，将于明年完工。Bitfarms表示，该设施将为Bitfarms提供超过210兆瓦的基础设施容量，帮助公司在明年年底之前实现每秒8exahash的目标。这是一个信号，表明矿业公司正在寻找条件有利且能源便宜的新地区进行迁移，包括德克萨斯和萨尔瓦多等地。",268,6,262,0,1066651899,sm加密文件,14,2295,5.07,2021-10-12 16:56:42.000000,2021-10-12 18:38:43.373271,20211012,"加拿大 比特 币 矿业 公司 Bitfarms 宣布 ， 位于 阿根廷 的 大型 比特 币 矿场 正在 建设 中 ， 该 设施 旨在 容纳 55 , 000 名 矿工 ， 将 于 明年 完工 。 Bitfarms 表示 ， 该 设施 将 为 Bitfarms 提供 超过 210 兆瓦 的 基础设施 容量 ， 帮助 公司 在 明年 年底 之前 实现 每秒 8exahash 的 目标 。 这是 一个 信号 ， 表明 矿业 公司 正在 寻找 条件 有利 且 能源 便宜 的 新 地区 进行 迁移 ， 包括 德克萨斯 和 萨尔瓦多 等 地 。",Bitfarms/比特/矿业/设施/55/000/210/8exahash/德克萨斯/矿场/公司/明年/萨尔瓦多/兆瓦/正在/每秒/矿工/完工/容纳/阿根廷
1024016940,https://bihu.com/shortcontent/1024016940,疯狂吸筹中,224,5,219,0,1962582299,何以忧,13,11545,6.72,2021-10-12 16:57:55.000000,2021-10-12 18:38:43.373271,20211012,疯狂 吸筹中,吸筹中/疯狂
1007633752,https://bihu.com/shortcontent/1007633752,"云加速服务商 Cloudflare 宣布开放以太坊网关和 IPFS 网关的内测，它们可将 HTTP API 调用转换为 IPFS 或以太坊的功能，并在 HTTP 端添加 Cloudflare 增值服务，以给 Web3 开发人员提供开发应用时所需的以太坊或 IPFS 节点的基础设施。

其中 Cloudflare 的以太坊网关基于以太坊节点，旨在为以太坊网络提供一个安全、快速的接口，它允许应用开发人员在前端程序中使用以太坊，可与以太坊网络上的任何内容进行交互，包括 NFT 合约、DeFi 交易所或以太坊域名服务（如 ENS）； Cloudflare 的 IPFS 网关则通过分布式网络解决可靠性、",250,6,244,0,1066651899,sm加密文件,14,2295,2.4,2021-10-12 16:53:35.000000,2021-10-12 18:38:43.373271,20211012,"云 加速 服务商   Cloudflare   宣布 开放 以太 坊 网关 和   IPFS   网关 的 内测 ， 它们 可 将   HTTP   API   调用 转换 为   IPFS   或 以太 坊 的 功能 ， 并 在   HTTP   端 添加   Cloudflare   增值 服务 ， 以 给   Web3   开发人员 提供 开发 应用 时 所 需 的 以太 坊 或   IPFS   节点 的 基础设施 。 
 
 其中   Cloudflare   的 以太 坊 网关 基于 以太 坊 节点 ， 旨在 为 以太 坊 网络 提供 一个 安全 、 快速 的 接口 ， 它 允许 应用 开发人员 在 前端 程序 中 使用 以太 坊 ， 可 与 以太 坊 网络 上 的 任何 内容 进行 交互 ， 包括   NFT   合约 、 DeFi   交易所 或 以太 坊 域名服务 （ 如   ENS ） ；   Cloudflare   的   IPFS   网关 则 通过 分布式 网络 解决 可靠性 、",以太/Cloudflare/网关/IPFS/开发人员/HTTP/网络/节点/域名服务/API/Web3/NFT/DeFi/ENS/内测/应用/分布式/服务商/提供/交互
1275025619,https://bihu.com/shortcontent/1275025619,炒币最好的时间已经过去。,206,4,202,0,393054,戈薇,246,63554,6.17,2021-10-12 16:53:52.000000,2021-10-12 18:38:43.373271,20211012,炒币 最好 的 时间 已经 过去 。,炒币/最好/过去/时间/已经
1223923218,https://bihu.com/shortcontent/1223923218,ISP这周要拉,183,5,178,0,1962582299,何以忧,13,11545,3.44,2021-10-12 16:54:11.000000,2021-10-12 18:38:43.373271,20211012,ISP 这 周要 拉,ISP/周要
1853211661,https://bihu.com/shortcontent/1853211661,"从珍珠线交易系统来看，以太坊的日线级别箭头是开口向上的，我们可以在它回调的时候看多，可以试着在支撑位位布局一个多单。希望可以帮到更多的朋友，到位就干！耐心会让您更顺心，市场早晚会奖励您的！
方向：多
回踩：3331进场
止损：3309
止盈：第一目标3413，第二目标3472，第三目标3541，第四目标3599，第五目标3659
杠杆：最多20倍杠杆（逐仓）
备注：行情变化莫测，不抗单，不重仓，单单必须带止损.
大庆老师个人观点，策略仅供参考#行情分析# #以太坊2.0#",259,5,254,0,1171200865,聚宝盆8133,78,25613,4.87,2021-10-12 16:48:29.000000,2021-10-12 18:38:43.373271,20211012,"从 珍珠 线 交易系统 来看 ， 以太 坊 的 日线 级别 箭头 是 开口 向上 的 ， 我们 可以 在 它 回调 的 时候 看多 ， 可以 试着 在 支撑位 位 布局 一个多 单 。 希望 可以 帮到 更 多 的 朋友 ， 到位 就 干 ！ 耐心 会 让 您 更 顺心 ， 市场 早晚 会 奖励 您 的 ！ 
 方向 ： 多 
 回 踩 ： 3331 进场 
 止损 ： 3309 
 止盈 ： 第一 目标 3413 ， 第二 目标 3472 ， 第三 目标 3541 ， 第四 目标 3599 ， 第五 目标 3659 
 杠杆 ： 最多 20 倍 杠杆 （ 逐仓 ） 
 备注 ： 行情 变化莫测 ， 不 抗单 ， 不 重仓 ， 单单 必须 带 止损 . 
 大庆 老师 个人观点 ， 策略 仅供参考 # 行情 分析 #   # 以太 坊 2.0 #",目标/以太/止损/杠杆/看多/3331/3309/3413/3472/3541/3599/3659/20/逐仓/抗单/2.0/变化莫测/顺心/可以/行情
1198757198,https://bihu.com/shortcontent/1198757198,"Bitfarms正在阿根廷建设超级比特币矿场
10月12日消息，加拿大比特币矿业公司Bitfarms宣布，位于阿根廷的大型比特币矿场正在建设中，该设施旨在容纳55,000名矿工，将于明年完工。Bitfarms表示，该设施将为Bitfarms提供超过210兆瓦的基础设施容量，帮助公司在明年年底之前实现每秒8exahash的目标。这是一个信号，表明矿业公司正在寻找条件有利且能源便宜的新地区进行迁移，包括德克萨斯和萨尔瓦多等地。$BTC #行情分析# $AKT",284,7,277,0,1505033877,韭菜不再菜,16,2207,1.24,2021-10-12 16:46:58.000000,2021-10-12 18:38:43.373271,20211012,"Bitfarms 正在 阿根廷 建设 超级 比特 币 矿场 
 10 月 12 日 消息 ， 加拿大 比特 币 矿业 公司 Bitfarms 宣布 ， 位于 阿根廷 的 大型 比特 币 矿场 正在 建设 中 ， 该 设施 旨在 容纳 55 , 000 名 矿工 ， 将 于 明年 完工 。 Bitfarms 表示 ， 该 设施 将 为 Bitfarms 提供 超过 210 兆瓦 的 基础设施 容量 ， 帮助 公司 在 明年 年底 之前 实现 每秒 8exahash 的 目标 。 这是 一个 信号 ， 表明 矿业 公司 正在 寻找 条件 有利 且 能源 便宜 的 新 地区 进行 迁移 ， 包括 德克萨斯 和 萨尔瓦多 等 地 。 $ BTC   # 行情 分析 #   $ AKT",Bitfarms/比特/矿场/阿根廷/矿业/正在/设施/10/12/55/000/210/8exahash/BTC/AKT/德克萨斯/公司/明年/萨尔瓦多/建设
1953690416,https://bihu.com/shortcontent/1953690416,"比特币午间行情，从日线来看行情短周期上行的信号较强烈，已经慢慢形成回调上涨趋势。目前价位在57400附近，小时图看，MACD阴柱连续缩量且慢线DEA逐渐走平后双线有张口，上行意图较为明显，低位做多较为合理。均线短周期上行力度有所增强，大趋势上行动能依旧存在，MACD多头能量柱有所增量，上行力度加强。
短线操作建议：低位做多：57000附近进入，止盈57600，止损56200
币圈行情瞬息万变 ，分析具有时效性， 因发布时间原因有所延误， 提供的信息仅供参考，请做好风险控制。",290,6,284,0,1983761371,研禇毖行,1,290,8.99,2021-10-12 16:42:13.000000,2021-10-12 18:38:43.373271,20211012,"比特 币 午间 行情 ， 从 日线 来看 行情 短 周期 上行 的 信号 较 强烈 ， 已经 慢慢 形成 回调 上涨 趋势 。 目前 价位 在 57400 附近 ， 小时 图看 ， MACD 阴柱 连续 缩量 且慢 线 DEA 逐渐 走平后 双线 有 张口 ， 上行 意图 较为 明显 ， 低位 做 多 较为 合理 。 均线 短 周期 上行 力度 有所 增强 ， 大 趋势 上 行动 能 依旧 存在 ， MACD 多头 能量 柱 有所 增量 ， 上行 力度 加强 。 
 短线 操作 建议 ： 低位 做 多 ： 57000 附近 进入 ， 止盈 57600 ， 止损 56200 
 币圈 行情 瞬息万变   ， 分析 具有 时效性 ，   因 发布 时间 原因 有所 延误 ，   提供 的 信息 仅供参考 ， 请 做好 风险 控制 。",上行/MACD/有所/行情/低位/周期/力度/57400/图看/阴柱/DEA/走平后/57000/57600/56200/币圈/较为/趋势/时效性/止盈
1991351113,https://bihu.com/shortcontent/1991351113,"【西安发放陕西省首笔数字人民币财政补贴资金，总计562万元】
9月28日，西安市金融工作局携手，向18家金融机构3家融资担保公司的对公钱包成功发放约562万元数字人民币政策奖补资金，这也是陕西全省首笔以数字人民币方式发放的财政补贴资金。
#数字人民币# #财经# #财经头条#",296,8,288,0,1960586714,区块链小薛,5,908,5.57,2021-10-12 16:41:23.000000,2021-10-12 18:38:43.373271,20211012,"【 西安 发放 陕西省 首笔 数字 人民币 财政补贴 资金 ， 总计 562 万元 】 
 9 月 28 日 ， 西安市 金融 工作 局 携手 ， 向 18 家 金融机构 3 家 融资 担保 公司 的 对公 钱包 成功 发放 约 562 万元 数字 人民币 政策 奖补 资金 ， 这 也 是 陕西 全省 首笔 以 数字 人民币 方式 发放 的 财政补贴 资金 。 
 # 数字 人民币 #   # 财经 #   # 财经 头条 #",数字/562/人民币/发放/首笔/财政补贴/资金/28/18/奖补/财经/头条/万元/对公/钱包/西安市/携手/陕西省/总计/担保
1656552933,https://bihu.com/shortcontent/1656552933,"从珍珠线交易系统来看，以太坊的4小时珍珠线箭头开口向下运行，1小时也是开口向下，我们可以试着在阻力位布局一个短空单。希望可以帮到更多的朋友，到位就干！耐心会让您更顺心，市场早晚会奖励您的！
方向：空
反弹：3559～3567进场
止损：3582
止盈：第一目标3519，第二目标3472，第三目标3419，第四目标3351
杠杆：最多20倍杠杆（逐仓）
备注：行情变化莫测，不抗单，不重仓，单单必须带止损.
大庆老师个人观点，策略仅供参考#行情分析# #以太坊2.0#",263,8,255,0,1171200865,聚宝盆8133,78,25613,8.05,2021-10-12 16:41:49.000000,2021-10-12 18:38:43.373271,20211012,"从 珍珠 线 交易系统 来看 ， 以太 坊 的 4 小时 珍珠 线 箭头 开口 向下 运行 ， 1 小时 也 是 开口 向下 ， 我们 可以 试着 在 阻力位 布局 一个 短空 单 。 希望 可以 帮到 更 多 的 朋友 ， 到位 就 干 ！ 耐心 会 让 您 更 顺心 ， 市场 早晚 会 奖励 您 的 ！ 
 方向 ： 空 
 反弹 ： 3559 ～ 3567 进场 
 止损 ： 3582 
 止盈 ： 第一 目标 3519 ， 第二 目标 3472 ， 第三 目标 3419 ， 第四 目标 3351 
 杠杆 ： 最多 20 倍 杠杆 （ 逐仓 ） 
 备注 ： 行情 变化莫测 ， 不 抗单 ， 不 重仓 ， 单单 必须 带 止损 . 
 大庆 老师 个人观点 ， 策略 仅供参考 # 行情 分析 #   # 以太 坊 2.0 #",目标/以太/止损/珍珠/杠杆/向下/开口/短空/3559/3567/3582/3519/3472/3419/3351/20/逐仓/抗单/2.0/小时
1327291997,https://bihu.com/shortcontent/1327291997,"ＥＴＨ行情分析   
通知   25+ 上单3480点位的多单目前已到达3505目标附近
ETH以太行情分析：小时图来看，布林通道向下缩口，MACD快慢线在零轴下方形成叉，多空能量柱空头小幅放量。KDJ三线向下散发。综合来看，短期思路反弹做空
开 仓 ： 反弹3510附近 
方 向 ： 空
防 守 ： 自行带好
目 标 ：3500-3480附近 
仅供参考",273,9,264,0,1221927286,币圈陈龙,97,132836,0.2,2021-10-12 16:31:34.000000,2021-10-12 18:38:43.373271,20211012,"Ｅ Ｔ Ｈ 行情 分析       
 通知       25 +   上单 3480 点位 的 多单 目前 已 到达 3505 目标 附近 
 ETH 以太 行情 分析 ： 小时 图 来看 ， 布林 通道 向下 缩口 ， MACD 快慢 线 在 零轴 下方 形成 叉 ， 多空 能量 柱 空头 小幅 放量 。 KDJ 三线 向下 散发 。 综合 来看 ， 短期 思路 反弹 做空 
 开   仓   ：   反弹 3510 附近   
 方   向   ：   空 
 防   守   ：   自行 带 好 
 目   标   ： 3500 - 3480 附近   
 仅供参考",3480/附近/向下/25/上单/多单/3505/ETH/缩口/MACD/零轴/多空/KDJ/做空/3510/3500/反弹/布林/行情/以太
1600282374,https://bihu.com/shortcontent/1600282374,随着NFT 概念的持续火热，各大互联网应用如推特、TikTok、支付宝和掌握版权、IP 等知识产权的公司都在积极推进NFT 相关合作。究其原因是在数字时代，传统知识产权的商业模式在面对快节奏的数字媒体时捉襟见肘。而NFT 为文化传播带来了全新的价值捕获维度，能够让IP 在文化传播流行中创造新的商业价值。大家下午好，我是崛起东哥(jueqimay)我们会不定期整理一级市场IDO LBP IEO前沿咨询和项目点评，如果你也对一级市场和暴涨山寨币感兴趣，可以加入我们的交流群一起讨论。#区块链# #nft#,284,5,279,1,1097635303,币友_1097635303,52,3529,8.86,2021-10-12 16:30:48.000000,2021-10-12 18:38:43.373271,20211012,随着 NFT   概念 的 持续 火热 ， 各大 互联网 应用 如 推特 、 TikTok 、 支付宝 和 掌握 版权 、 IP   等 知识产权 的 公司 都 在 积极 推进 NFT   相关 合作 。 究其原因 是 在 数字 时代 ， 传统 知识产权 的 商业模式 在 面对 快节奏 的 数字 媒体 时 捉襟见肘 。 而 NFT   为 文化 传播 带来 了 全新 的 价值 捕获 维度 ， 能够 让 IP   在 文化 传播 流行 中 创造 新 的 商业价值 。 大家 下午 好 ， 我 是 崛起 东哥 ( jueqimay ) 我们 会 不定期 整理 一级 市场 IDO   LBP   IEO 前沿 咨询 和 项目 点评 ， 如果 你 也 对 一级 市场 和 暴涨 山寨 币 感兴趣 ， 可以 加入 我们 的 交流 群 一起 讨论 。 # 区块 链 #   # nft #,NFT/IP/知识产权/一级/传播/数字/推特/TikTok/东哥/jueqimay/IDO/LBP/IEO/nft/区块/商业价值/维度/快节奏/文化/支付宝
1694287518,https://bihu.com/shortcontent/1694287518,有DeFi用户发现，另一个DeFi项目Ampleforth也存在可疑的「撸空投」钱包，一个匿名地址在该项目今年4月宣布空投治理代币FORTH之前，就创建了超过5000个交互地址，在FORTH进入二级市场后获利2800万美元,277,7,270,0,323830,弯弓射美女,276,172733,8.47,2021-10-12 16:29:17.000000,2021-10-12 18:38:43.373271,20211012,有 DeFi 用户 发现 ， 另 一个 DeFi 项目 Ampleforth 也 存在 可疑 的 「 撸 空投 」 钱包 ， 一个 匿名 地址 在 该 项目 今年 4 月 宣布 空投 治理 代币 FORTH 之前 ， 就 创建 了 超过 5000 个 交互 地址 ， 在 FORTH 进入 二级 市场 后 获利 2800 万美元,DeFi/FORTH/空投/地址/代币/Ampleforth/5000/2800/项目/匿名/钱包/交互/可疑/万美元/获利/创建/用户/治理/二级/一个
